"","Date","TS","Temp","RH","VPD","SR","WS"
"1",2023-10-10,"00:00:00",27.75,72,NA,0,0
"2",2023-10-10,"00:15:00",27.56,74,NA,0,0
"3",2023-10-10,"00:30:00",27.45,76,NA,0,0
"4",2023-10-10,"00:45:00",27.38,76,NA,0,0
"5",2023-10-10,"01:00:00",27.2,76,NA,0,0
"6",2023-10-10,"01:15:00",27.08,78,NA,0,0
"7",2023-10-10,"01:30:00",26.76,79,NA,0,0
"8",2023-10-10,"01:45:00",26.61,78,NA,0,0
"9",2023-10-10,"02:00:00",26.46,77,NA,0,0
"10",2023-10-10,"02:15:00",26.38,76,NA,0,0
"11",2023-10-10,"02:30:00",26.27,79,NA,0,0
"12",2023-10-10,"02:45:00",26.32,78,NA,0,0
"13",2023-10-10,"03:00:00",26.17,79,NA,0,0
"14",2023-10-10,"03:15:00",26.03,80,NA,0.224,0
"15",2023-10-10,"03:30:00",26.01,79,NA,0,0
"16",2023-10-10,"03:45:00",26.05,79,NA,0,0
"17",2023-10-10,"04:00:00",26.02,79,NA,0,0
"18",2023-10-10,"04:15:00",25.97,79,NA,0,0
"19",2023-10-10,"04:30:00",25.98,79,NA,0,0
"20",2023-10-10,"04:45:00",25.83,81,NA,0,0
"21",2023-10-10,"05:00:00",25.8,80,NA,0,0
"22",2023-10-10,"05:15:00",25.49,81,NA,0,0
"23",2023-10-10,"05:30:00",25.44,82,NA,0,0
"24",2023-10-10,"05:45:00",25.28,82,NA,0,0
"25",2023-10-10,"06:00:00",25.21,83,NA,0,0
"26",2023-10-10,"06:15:00",25.16,83,NA,0,0
"27",2023-10-10,"06:30:00",25.17,83,NA,0,0
"28",2023-10-10,"06:45:00",25.09,84,NA,0,0
"29",2023-10-10,"07:00:00",24.69,84,NA,0,0
"30",2023-10-10,"07:15:00",24.71,85,NA,0,0
"31",2023-10-10,"07:30:00",24.71,85,NA,0,0
"32",2023-10-10,"07:45:00",24.81,84,NA,6.708,0
"33",2023-10-10,"08:00:00",24.94,85,NA,13.42,0
"34",2023-10-10,"08:15:00",25.08,85,NA,26.83,0
"35",2023-10-10,"08:30:00",25.54,86,NA,40.25,0
"36",2023-10-10,"08:45:00",25.92,85,NA,53.66,0
"37",2023-10-10,"09:00:00",26.38,83,NA,47.39,0
"38",2023-10-10,"09:15:00",27,81,NA,100.6,0
"39",2023-10-10,"09:30:00",27.61,80,NA,120.7,0
"40",2023-10-10,"09:45:00",28.34,78,NA,138.8,0
"41",2023-10-10,"10:00:00",28.93,74,NA,161.2,0
"42",2023-10-10,"10:15:00",29.85,70,NA,185.2,0
"43",2023-10-10,"10:30:00",30.62,65,NA,186.5,0
"44",2023-10-10,"10:45:00",31.21,61,NA,203.5,0
"45",2023-10-10,"11:00:00",31.74,56,NA,233.9,0
"46",2023-10-10,"11:15:00",32.59,54,NA,254.4,0
"47",2023-10-10,"11:30:00",33.27,52,NA,299.9,0
"48",2023-10-10,"11:45:00",33.8,48,NA,294.4,0.238
"49",2023-10-10,"12:00:00",34.53,47,NA,304.3,0
"50",2023-10-10,"12:15:00",35.05,47,NA,298.4,0
"51",2023-10-10,"12:30:00",35.21,45,NA,298.2,0
"52",2023-10-10,"12:45:00",35.71,45,NA,341.7,0.029
"53",2023-10-10,"13:00:00",35.95,43,NA,95.9,0
"54",2023-10-10,"13:15:00",35.64,44,NA,146.8,0.175
"55",2023-10-10,"13:30:00",35.45,44,NA,313.7,0
"56",2023-10-10,"13:45:00",36.46,42,NA,321.4,0
"57",2023-10-10,"14:00:00",36.24,42,NA,212.4,0.791
"58",2023-10-10,"14:15:00",35.85,43,NA,322.3,0.149
"59",2023-10-10,"14:30:00",36.29,42,NA,127.3,0
"60",2023-10-10,"14:45:00",36.46,42,NA,313.7,0
"61",2023-10-10,"15:00:00",36.96,41,NA,120.6,0.002
"62",2023-10-10,"15:15:00",35.46,43,NA,158.4,0
"63",2023-10-10,"15:30:00",36.13,43,NA,162.3,0
"64",2023-10-10,"15:45:00",35.68,44,NA,200.9,0
"65",2023-10-10,"16:00:00",36.15,44,NA,135.5,0.4
"66",2023-10-10,"16:15:00",35.59,44,NA,122.4,0
"67",2023-10-10,"16:30:00",34.9,45,NA,87.1,0
"68",2023-10-10,"16:45:00",34.37,46,NA,93.8,0
"69",2023-10-10,"17:00:00",34.09,47,NA,85.4,0
"70",2023-10-10,"17:15:00",33.99,48,NA,75.38,0
"71",2023-10-10,"17:30:00",33.69,48,NA,60.3,0
"72",2023-10-10,"17:45:00",33.38,50,NA,53.6,0.036
"73",2023-10-10,"18:00:00",33.2,50,NA,40.2,0
"74",2023-10-10,"18:15:00",32.86,51,NA,33.5,0
"75",2023-10-10,"18:30:00",32.48,52,NA,13.4,0
"76",2023-10-10,"18:45:00",32.16,55,NA,6.701,0
"77",2023-10-10,"19:00:00",31.82,56,NA,0,0
"78",2023-10-10,"19:15:00",31.4,59,NA,0,0
"79",2023-10-10,"19:30:00",31.13,60,NA,0,0
"80",2023-10-10,"19:45:00",30.65,62,NA,0,0
"81",2023-10-10,"20:00:00",30.52,62,NA,0,0
"82",2023-10-10,"20:15:00",30.26,63,NA,0,0
"83",2023-10-10,"20:30:00",30.12,63,NA,0,0
"84",2023-10-10,"20:45:00",29.96,64,NA,0,0
"85",2023-10-10,"21:00:00",29.85,65,NA,0,0
"86",2023-10-10,"21:15:00",29.63,65,NA,0,0
"87",2023-10-10,"21:30:00",29.49,67,NA,0,0
"88",2023-10-10,"21:45:00",29.28,67,NA,0,0
"89",2023-10-10,"22:00:00",29.06,69,NA,0,0
"90",2023-10-10,"22:15:00",28.87,69,NA,0,0
"91",2023-10-10,"22:30:00",28.69,69,NA,0,0
"92",2023-10-10,"22:45:00",28.46,69,NA,0,0
"93",2023-10-10,"23:00:00",28.39,70,NA,0,0
"94",2023-10-10,"23:15:00",28.29,71,NA,0,0
"95",2023-10-10,"23:30:00",28.21,71,NA,0,0
"96",2023-10-10,"23:45:00",28.14,72,NA,0,0
"97",2023-10-11,"00:00:00",27.96,73,NA,0,0
"98",2023-10-11,"00:15:00",27.87,74,NA,0,0
"99",2023-10-11,"00:30:00",27.69,74,NA,0,0
"100",2023-10-11,"00:45:00",27.59,75,NA,0,0
"101",2023-10-11,"01:00:00",27.43,76,NA,0,0
"102",2023-10-11,"01:15:00",27.21,77,NA,0,0
"103",2023-10-11,"01:30:00",27.06,77,NA,0,0
"104",2023-10-11,"01:45:00",26.86,78,NA,0,0
"105",2023-10-11,"02:00:00",26.7,78,NA,0,0
"106",2023-10-11,"02:15:00",26.56,77,NA,0,0
"107",2023-10-11,"02:30:00",26.45,79,NA,0,0
"108",2023-10-11,"02:45:00",26.27,80,NA,0,0
"109",2023-10-11,"03:00:00",26.25,80,NA,0,0
"110",2023-10-11,"03:15:00",26.26,80,NA,0,0
"111",2023-10-11,"03:30:00",26.08,81,NA,0,0
"112",2023-10-11,"03:45:00",26.06,81,NA,0,0
"113",2023-10-11,"04:00:00",26,81,NA,0,0
"114",2023-10-11,"04:15:00",25.74,81,NA,0,0
"115",2023-10-11,"04:30:00",25.77,81,NA,0,0
"116",2023-10-11,"04:45:00",25.61,83,NA,0,0
"117",2023-10-11,"05:00:00",25.5,83,NA,0,0
"118",2023-10-11,"05:15:00",25.34,83,NA,0,0
"119",2023-10-11,"05:30:00",25.33,83,NA,0,0
"120",2023-10-11,"05:45:00",25.25,83,NA,0,0
"121",2023-10-11,"06:00:00",25.14,84,NA,0.112,0
"122",2023-10-11,"06:15:00",25.08,84,NA,0,0
"123",2023-10-11,"06:30:00",25.03,84,NA,0,0
"124",2023-10-11,"06:45:00",24.86,84,NA,0.112,0
"125",2023-10-11,"07:00:00",24.96,85,NA,0,0
"126",2023-10-11,"07:15:00",24.94,85,NA,0,0
"127",2023-10-11,"07:30:00",24.81,85,NA,0,0
"128",2023-10-11,"07:45:00",24.8,85,NA,6.82,0
"129",2023-10-11,"08:00:00",24.88,85,NA,13.42,0
"130",2023-10-11,"08:15:00",25.04,86,NA,26.83,0
"131",2023-10-11,"08:30:00",25.36,87,NA,35.77,0
"132",2023-10-11,"08:45:00",26.06,87,NA,46.95,0
"133",2023-10-11,"09:00:00",26.52,86,NA,53.31,0
"134",2023-10-11,"09:15:00",27.29,85,NA,66.83,0
"135",2023-10-11,"09:30:00",27.61,81,NA,114,0
"136",2023-10-11,"09:45:00",28.38,76,NA,130.3,0
"137",2023-10-11,"10:00:00",29.22,72,NA,143.3,0
"138",2023-10-11,"10:15:00",30.09,68,NA,181,0
"139",2023-10-11,"10:30:00",30.98,63,NA,200.8,0.054
"140",2023-10-11,"10:45:00",31.74,61,NA,228.3,0
"141",2023-10-11,"11:00:00",32.37,59,NA,244.9,0.764
"142",2023-10-11,"11:15:00",33,56,NA,256.5,1.339
"143",2023-10-11,"11:30:00",33.75,53,NA,280,1.356
"144",2023-10-11,"11:45:00",33.94,52,NA,199.5,0.152
"145",2023-10-11,"12:00:00",33.78,52,NA,149,1.9
"146",2023-10-11,"12:15:00",34.05,53,NA,311.8,0.078
"147",2023-10-11,"12:30:00",35.25,49,NA,335.1,0.696
"148",2023-10-11,"12:45:00",35.43,47,NA,306.4,0.511
"149",2023-10-11,"13:00:00",35.83,46,NA,194,0.018
"150",2023-10-11,"13:15:00",35.83,47,NA,363.1,0
"151",2023-10-11,"13:30:00",36.52,44,NA,336.3,0.693
"152",2023-10-11,"13:45:00",37,42,NA,320.5,0.877
"153",2023-10-11,"14:00:00",36.59,40,NA,195.5,0.895
"154",2023-10-11,"14:15:00",37.09,40,NA,334.2,1.857
"155",2023-10-11,"14:30:00",37.86,37,NA,308.6,0.495
"156",2023-10-11,"14:45:00",37.62,38,NA,127.5,0.333
"157",2023-10-11,"15:00:00",36.32,38,NA,142.6,0.367
"158",2023-10-11,"15:15:00",36.87,39,NA,271.3,0.444
"159",2023-10-11,"15:30:00",35.64,41,NA,80.4,0.939
"160",2023-10-11,"15:45:00",35.24,43,NA,232.7,0.003
"161",2023-10-11,"16:00:00",36.29,40,NA,230.4,0.09
"162",2023-10-11,"16:15:00",37.11,41,NA,167.8,1.751
"163",2023-10-11,"16:30:00",36.05,41,NA,100.5,0.253
"164",2023-10-11,"16:45:00",35.32,43,NA,115.9,0.774
"165",2023-10-11,"17:00:00",34.95,44,NA,77.14,0.35
"166",2023-10-11,"17:15:00",34.67,44,NA,93.2,0.555
"167",2023-10-11,"17:30:00",34.47,46,NA,84.2,0.972
"168",2023-10-11,"17:45:00",34.12,46,NA,66.99,0.085
"169",2023-10-11,"18:00:00",33.83,47,NA,59.4,0
"170",2023-10-11,"18:15:00",33.52,47,NA,40.2,0.518
"171",2023-10-11,"18:30:00",32.97,49,NA,26.8,0.513
"172",2023-10-11,"18:45:00",32.42,52,NA,13.4,0.021
"173",2023-10-11,"19:00:00",32.06,52,NA,5.472,0.005
"174",2023-10-11,"19:15:00",31.58,55,NA,0,0.629
"175",2023-10-11,"19:30:00",31.36,56,NA,0,0.175
"176",2023-10-11,"19:45:00",30.99,58,NA,0,0.314
"177",2023-10-11,"20:00:00",30.72,60,NA,0,0.005
"178",2023-10-11,"20:15:00",30.54,61,NA,0,0.09
"179",2023-10-11,"20:30:00",30.23,63,NA,0,0
"180",2023-10-11,"20:45:00",29.99,63,NA,0,0
"181",2023-10-11,"21:00:00",29.74,65,NA,0,0
"182",2023-10-11,"21:15:00",29.4,66,NA,0,0.181
"183",2023-10-11,"21:30:00",29.2,66,NA,0,0.005
"184",2023-10-11,"21:45:00",29.06,67,NA,0,0.136
"185",2023-10-11,"22:00:00",28.89,68,NA,0,0
"186",2023-10-11,"22:15:00",28.72,68,NA,0,0
"187",2023-10-11,"22:30:00",28.57,69,NA,0,0
"188",2023-10-11,"22:45:00",28.44,69,NA,0,0
"189",2023-10-11,"23:00:00",28.27,69,NA,0,0
"190",2023-10-11,"23:15:00",28.09,70,NA,0,0
"191",2023-10-11,"23:30:00",27.96,70,NA,0,0
"192",2023-10-11,"23:45:00",27.78,70,NA,0,0
"193",2023-10-12,"00:00:00",27.62,70,NA,0,0
"194",2023-10-12,"00:15:00",27.48,71,NA,0,0
"195",2023-10-12,"00:30:00",27.37,72,NA,0,0
"196",2023-10-12,"00:45:00",27.18,73,NA,0,0
"197",2023-10-12,"01:00:00",27.01,73,NA,0,0
"198",2023-10-12,"01:15:00",26.95,74,NA,0,0
"199",2023-10-12,"01:30:00",26.82,74,NA,0,0
"200",2023-10-12,"01:45:00",26.72,75,NA,0,0
"201",2023-10-12,"02:00:00",26.56,76,NA,0,0
"202",2023-10-12,"02:15:00",26.53,76,NA,0,0
"203",2023-10-12,"02:30:00",26.48,76,NA,0,0
"204",2023-10-12,"02:45:00",26.36,77,NA,0,0
"205",2023-10-12,"03:00:00",26.14,77,NA,0,0
"206",2023-10-12,"03:15:00",25.92,77,NA,0,0
"207",2023-10-12,"03:30:00",25.82,78,NA,0,0
"208",2023-10-12,"03:45:00",25.56,80,NA,0,0
"209",2023-10-12,"04:00:00",25.49,81,NA,0,0
"210",2023-10-12,"04:15:00",25.27,81,NA,0,0
"211",2023-10-12,"04:30:00",25.03,81,NA,0,0
"212",2023-10-12,"04:45:00",25,81,NA,0,0
"213",2023-10-12,"05:00:00",24.85,81,NA,0,0
"214",2023-10-12,"05:15:00",24.73,83,NA,0,0
"215",2023-10-12,"05:30:00",24.77,82,NA,0,0
"216",2023-10-12,"05:45:00",24.87,82,NA,0,0
"217",2023-10-12,"06:00:00",24.78,82,NA,0,0
"218",2023-10-12,"06:15:00",24.72,80,NA,0,0
"219",2023-10-12,"06:30:00",24.58,81,NA,0,0
"220",2023-10-12,"06:45:00",24.4,82,NA,0,0
"221",2023-10-12,"07:00:00",24.23,83,NA,0,0
"222",2023-10-12,"07:15:00",24.24,83,NA,0,0
"223",2023-10-12,"07:30:00",24.23,83,NA,0,0
"224",2023-10-12,"07:45:00",24.12,82,NA,6.709,0
"225",2023-10-12,"08:00:00",24.13,84,NA,15.99,0
"226",2023-10-12,"08:15:00",24.42,85,NA,33.54,0
"227",2023-10-12,"08:30:00",24.79,86,NA,40.36,0
"228",2023-10-12,"08:45:00",25.31,86,NA,61.82,0
"229",2023-10-12,"09:00:00",25.92,85,NA,42.36,0
"230",2023-10-12,"09:15:00",26.92,81,NA,46.94,0.046
"231",2023-10-12,"09:30:00",27.81,76,NA,91.6,0
"232",2023-10-12,"09:45:00",28.69,73,NA,149,0
"233",2023-10-12,"10:00:00",29.49,69,NA,154.7,0.408
"234",2023-10-12,"10:15:00",30.36,64,NA,202.5,0.335
"235",2023-10-12,"10:30:00",31.34,62,NA,225.6,1.321
"236",2023-10-12,"10:45:00",32.23,56,NA,243.9,1.413
"237",2023-10-12,"11:00:00",32.68,55,NA,257.7,1.395
"238",2023-10-12,"11:15:00",33.24,53,NA,258.1,2.452
"239",2023-10-12,"11:30:00",33.88,49,NA,281.4,2.197
"240",2023-10-12,"11:45:00",34.3,49,NA,289.2,2.653
"241",2023-10-12,"12:00:00",34.91,46,NA,285.5,0.598
"242",2023-10-12,"12:15:00",35.21,41,NA,313.8,0.542
"243",2023-10-12,"12:30:00",35.67,42,NA,315.9,0.601
"244",2023-10-12,"12:45:00",36.24,42,NA,334.2,1.45
"245",2023-10-12,"13:00:00",36.61,39,NA,349.7,0
"246",2023-10-12,"13:15:00",37.27,39,NA,317.6,0
"247",2023-10-12,"13:30:00",37.95,37,NA,303.7,0.242
"248",2023-10-12,"13:45:00",38.23,37,NA,352.2,1.027
"249",2023-10-12,"14:00:00",38.28,35,NA,214.1,1.07
"250",2023-10-12,"14:15:00",38.47,35,NA,333.2,0.777
"251",2023-10-12,"14:30:00",37.94,33,NA,324.3,1.467
"252",2023-10-12,"14:45:00",38.58,34,NA,324,1.081
"253",2023-10-12,"15:00:00",38.23,31,NA,308.9,1.707
"254",2023-10-12,"15:15:00",38.75,32,NA,305.1,1.04
"255",2023-10-12,"15:30:00",37.97,32,NA,294.3,2.648
"256",2023-10-12,"15:45:00",38.37,34,NA,184.5,1.736
"257",2023-10-12,"16:00:00",38.19,34,NA,221,1.47
"258",2023-10-12,"16:15:00",37.67,34,NA,73.68,1.053
"259",2023-10-12,"16:30:00",35.83,35,NA,191.1,0.232
"260",2023-10-12,"16:45:00",36.58,36,NA,174.2,0.091
"261",2023-10-12,"17:00:00",36.23,37,NA,147.4,0.952
"262",2023-10-12,"17:15:00",35.65,36,NA,127.3,0.359
"263",2023-10-12,"17:30:00",35.59,38,NA,100.5,0.547
"264",2023-10-12,"17:45:00",34.91,39,NA,71.78,0.394
"265",2023-10-12,"18:00:00",34.21,39,NA,52.14,0.335
"266",2023-10-12,"18:15:00",33.61,41,NA,33.49,0.175
"267",2023-10-12,"18:30:00",33.2,43,NA,24.46,0
"268",2023-10-12,"18:45:00",32.6,43,NA,13.4,0.106
"269",2023-10-12,"19:00:00",32.25,44,NA,5.696,0
"270",2023-10-12,"19:15:00",31.85,46,NA,0,0.008
"271",2023-10-12,"19:30:00",31.48,47,NA,0,0
"272",2023-10-12,"19:45:00",31.18,48,NA,0,0
"273",2023-10-12,"20:00:00",30.89,50,NA,0,0.011
"274",2023-10-12,"20:15:00",30.67,51,NA,0,0
"275",2023-10-12,"20:30:00",30.41,52,NA,0,0
"276",2023-10-12,"20:45:00",30.2,53,NA,0,0
"277",2023-10-12,"21:00:00",29.92,54,NA,0,0.038
"278",2023-10-12,"21:15:00",29.69,54,NA,0,0.007
"279",2023-10-12,"21:30:00",29.47,55,NA,0,0
"280",2023-10-12,"21:45:00",29.33,56,NA,0,0
"281",2023-10-12,"22:00:00",29.1,57,NA,0,0
"282",2023-10-12,"22:15:00",28.99,58,NA,0,0
"283",2023-10-12,"22:30:00",28.86,59,NA,0,0
"284",2023-10-12,"22:45:00",28.71,61,NA,0,0
"285",2023-10-12,"23:00:00",28.62,62,NA,0,0
"286",2023-10-12,"23:15:00",28.38,62,NA,0,0
"287",2023-10-12,"23:30:00",28.12,63,NA,0,0
"288",2023-10-12,"23:45:00",27.91,65,NA,0,0
"289",2023-10-13,"00:00:00",27.69,65,NA,0,0
"290",2023-10-13,"00:15:00",27.63,69,NA,0,0
"291",2023-10-13,"00:30:00",27.35,69,NA,0,0
"292",2023-10-13,"00:45:00",27.1,71,NA,0,0
"293",2023-10-13,"01:00:00",26.7,72,NA,0,0
"294",2023-10-13,"01:15:00",26.36,73,NA,0,0
"295",2023-10-13,"01:30:00",26.07,76,NA,0,0
"296",2023-10-13,"01:45:00",25.9,76,NA,0,0
"297",2023-10-13,"02:00:00",25.88,76,NA,0,0
"298",2023-10-13,"02:15:00",25.71,75,NA,0,0
"299",2023-10-13,"02:30:00",25.52,77,NA,0,0
"300",2023-10-13,"02:45:00",25.41,76,NA,0,0
"301",2023-10-13,"03:00:00",25.35,75,NA,0,0
"302",2023-10-13,"03:15:00",24.98,77,NA,0,0
"303",2023-10-13,"03:30:00",24.97,77,NA,0.112,0
"304",2023-10-13,"03:45:00",25,77,NA,0,0
"305",2023-10-13,"04:00:00",24.82,77,NA,0,0
"306",2023-10-13,"04:15:00",24.7,78,NA,0,0
"307",2023-10-13,"04:30:00",24.68,78,NA,0,0
"308",2023-10-13,"04:45:00",24.55,79,NA,0,0
"309",2023-10-13,"05:00:00",24.48,78,NA,0,0
"310",2023-10-13,"05:15:00",24.19,79,NA,0,0
"311",2023-10-13,"05:30:00",24.23,80,NA,0,0
"312",2023-10-13,"05:45:00",24.1,79,NA,0,0
"313",2023-10-13,"06:00:00",23.97,80,NA,0.112,0
"314",2023-10-13,"06:15:00",24,80,NA,0,0
"315",2023-10-13,"06:30:00",23.77,81,NA,0,0
"316",2023-10-13,"06:45:00",23.8,81,NA,0.112,0
"317",2023-10-13,"07:00:00",23.62,82,NA,0,0
"318",2023-10-13,"07:15:00",23.51,82,NA,0,0
"319",2023-10-13,"07:30:00",23.38,82,NA,0,0
"320",2023-10-13,"07:45:00",23.3,82,NA,6.71,0
"321",2023-10-13,"08:00:00",23.51,82,NA,13.42,0
"322",2023-10-13,"08:15:00",23.71,82,NA,33.66,0
"323",2023-10-13,"08:30:00",24.12,83,NA,33.55,0
"324",2023-10-13,"08:45:00",24.76,83,NA,53.67,0
"325",2023-10-13,"09:00:00",25.37,80,NA,50.76,0
"326",2023-10-13,"09:15:00",26.04,79,NA,53.87,0
"327",2023-10-13,"09:30:00",26.75,78,NA,97.6,0
"328",2023-10-13,"09:45:00",27.76,76,NA,140.8,0
"329",2023-10-13,"10:00:00",28.44,73,NA,160.6,0
"330",2023-10-13,"10:15:00",29.15,70,NA,180.2,0
"331",2023-10-13,"10:30:00",30.24,63,NA,220.9,0.075
"332",2023-10-13,"10:45:00",30.98,60,NA,234,0
"333",2023-10-13,"11:00:00",32,57,NA,262.1,1.746
"334",2023-10-13,"11:15:00",32.58,53,NA,274.6,1.826
"335",2023-10-13,"11:30:00",33.39,52,NA,283.9,1.725
"336",2023-10-13,"11:45:00",34.11,50,NA,301.5,0.042
"337",2023-10-13,"12:00:00",34.51,49,NA,313.8,0.206
"338",2023-10-13,"12:15:00",35.1,48,NA,308.3,0.256
"339",2023-10-13,"12:30:00",35.63,45,NA,320.9,0.51
"340",2023-10-13,"12:45:00",36.06,43,NA,300.7,0.147
"341",2023-10-13,"13:00:00",36.57,37,NA,333,1.455
"342",2023-10-13,"13:15:00",37.17,38,NA,363,0.234
"343",2023-10-13,"13:30:00",37.61,36,NA,327.4,0.673
"344",2023-10-13,"13:45:00",37.66,33,NA,325.2,0.072
"345",2023-10-13,"14:00:00",38.38,33,NA,341.6,0.738
"346",2023-10-13,"14:15:00",39.03,29,NA,220.8,1.259
"347",2023-10-13,"14:30:00",37.47,31,NA,314.7,0.23
"348",2023-10-13,"14:45:00",38.44,29,NA,232.1,1.927
"349",2023-10-13,"15:00:00",38.46,32,NA,295.2,0.444
"350",2023-10-13,"15:15:00",38.13,32,NA,206.1,1.965
"351",2023-10-13,"15:30:00",38.21,32,NA,223.8,0.544
"352",2023-10-13,"15:45:00",36.94,35,NA,120.7,0
"353",2023-10-13,"16:00:00",36.44,36,NA,128.8,0
"354",2023-10-13,"16:15:00",36.33,36,NA,80.4,0.477
"355",2023-10-13,"16:30:00",35.29,39,NA,156,0.008
"356",2023-10-13,"16:45:00",35.62,39,NA,156.1,0.111
"357",2023-10-13,"17:00:00",35.65,38,NA,127.3,0
"358",2023-10-13,"17:15:00",35.2,39,NA,82.7,0
"359",2023-10-13,"17:30:00",34.79,39,NA,93.8,0
"360",2023-10-13,"17:45:00",34.19,40,NA,53.59,1.111
"361",2023-10-13,"18:00:00",33.68,42,NA,37.96,0
"362",2023-10-13,"18:15:00",32.99,41,NA,27.58,0
"363",2023-10-13,"18:30:00",32.77,44,NA,13.4,0
"364",2023-10-13,"18:45:00",32.45,46,NA,6.701,0
"365",2023-10-13,"19:00:00",32.11,47,NA,0,0
"366",2023-10-13,"19:15:00",31.51,49,NA,0,0.083
"367",2023-10-13,"19:30:00",31.19,52,NA,0,0
"368",2023-10-13,"19:45:00",30.88,54,NA,0,0
"369",2023-10-13,"20:00:00",30.62,55,NA,0,0
"370",2023-10-13,"20:15:00",30.37,57,NA,0,0
"371",2023-10-13,"20:30:00",30.09,58,NA,0,0
"372",2023-10-13,"20:45:00",30,59,NA,0,0
"373",2023-10-13,"21:00:00",29.82,62,NA,0,0
"374",2023-10-13,"21:15:00",29.61,62,NA,0,0
"375",2023-10-13,"21:30:00",29.38,62,NA,0,0
"376",2023-10-13,"21:45:00",29.22,62,NA,0,0
"377",2023-10-13,"22:00:00",29.11,63,NA,0,0
"378",2023-10-13,"22:15:00",29.02,64,NA,0,0
"379",2023-10-13,"22:30:00",28.97,66,NA,0,0
"380",2023-10-13,"22:45:00",28.8,65,NA,0,0
"381",2023-10-13,"23:00:00",28.68,66,NA,0,0
"382",2023-10-13,"23:15:00",28.5,66,NA,0,0
"383",2023-10-13,"23:30:00",28.39,66,NA,0,0
"384",2023-10-13,"23:45:00",28.22,67,NA,0,0
"385",2023-10-14,"00:00:00",28.17,68,NA,0,0
"386",2023-10-14,"00:15:00",27.96,68,NA,0,0
"387",2023-10-14,"00:30:00",27.88,69,NA,0,0
"388",2023-10-14,"00:45:00",27.78,69,NA,0,0
"389",2023-10-14,"01:00:00",27.6,70,NA,0,0
"390",2023-10-14,"01:15:00",27.47,72,NA,0,0
"391",2023-10-14,"01:30:00",27.2,73,NA,0,0
"392",2023-10-14,"01:45:00",26.96,73,NA,0,0
"393",2023-10-14,"02:00:00",26.56,75,NA,0,0
"394",2023-10-14,"02:15:00",26.28,76,NA,0,0
"395",2023-10-14,"02:30:00",26.22,78,NA,0,0
"396",2023-10-14,"02:45:00",26.11,79,NA,0,0
"397",2023-10-14,"03:00:00",25.94,78,NA,0,0
"398",2023-10-14,"03:15:00",25.83,78,NA,0,0
"399",2023-10-14,"03:30:00",25.62,79,NA,0,0
"400",2023-10-14,"03:45:00",25.53,79,NA,0,0
"401",2023-10-14,"04:00:00",25.46,80,NA,0,0
"402",2023-10-14,"04:15:00",25.5,80,NA,0.112,0
"403",2023-10-14,"04:30:00",25.38,79,NA,0,0
"404",2023-10-14,"04:45:00",25.28,79,NA,0,0
"405",2023-10-14,"05:00:00",25.14,81,NA,0,0
"406",2023-10-14,"05:15:00",25.09,81,NA,0,0
"407",2023-10-14,"05:30:00",25.01,80,NA,0,0
"408",2023-10-14,"05:45:00",24.96,81,NA,0,0
"409",2023-10-14,"06:00:00",24.9,82,NA,0,0
"410",2023-10-14,"06:15:00",24.87,82,NA,0,0
"411",2023-10-14,"06:30:00",24.67,82,NA,0,0
"412",2023-10-14,"06:45:00",24.48,84,NA,0,0
"413",2023-10-14,"07:00:00",24.57,83,NA,0,0
"414",2023-10-14,"07:15:00",24.36,84,NA,0,0
"415",2023-10-14,"07:30:00",24.24,84,NA,0.224,0
"416",2023-10-14,"07:45:00",24.4,84,NA,6.71,0
"417",2023-10-14,"08:00:00",24.57,85,NA,13.75,0
"418",2023-10-14,"08:15:00",24.74,85,NA,26.83,0
"419",2023-10-14,"08:30:00",25.06,86,NA,34.1,0
"420",2023-10-14,"08:45:00",25.5,85,NA,53.66,0
"421",2023-10-14,"09:00:00",26,84,NA,53.65,0
"422",2023-10-14,"09:15:00",26.77,82,NA,87.2,0
"423",2023-10-14,"09:30:00",27.38,81,NA,116.2,0
"424",2023-10-14,"09:45:00",28.27,76,NA,134.1,0
"425",2023-10-14,"10:00:00",28.91,73,NA,165.1,0
"426",2023-10-14,"10:15:00",29.9,67,NA,184.8,0
"427",2023-10-14,"10:30:00",30.69,63,NA,219.4,0
"428",2023-10-14,"10:45:00",31.53,59,NA,224.3,0
"429",2023-10-14,"11:00:00",31.84,57,NA,246.3,0
"430",2023-10-14,"11:15:00",32.48,54,NA,264.1,0
"431",2023-10-14,"11:30:00",33.24,53,NA,265.5,0
"432",2023-10-14,"11:45:00",33.71,51,NA,286.8,0.041
"433",2023-10-14,"12:00:00",34.34,48,NA,287.1,0
"434",2023-10-14,"12:15:00",34.97,45,NA,297.5,0.418
"435",2023-10-14,"12:30:00",35.67,44,NA,326.6,0.077
"436",2023-10-14,"12:45:00",36.17,43,NA,314.1,0.212
"437",2023-10-14,"13:00:00",36.36,41,NA,317.3,0.005
"438",2023-10-14,"13:15:00",36.18,41,NA,304.1,0.452
"439",2023-10-14,"13:30:00",36.09,40,NA,131.3,0.201
"440",2023-10-14,"13:45:00",36.23,38,NA,317.3,0.392
"441",2023-10-14,"14:00:00",36.3,34,NA,101.7,0.71
"442",2023-10-14,"14:15:00",34.92,37,NA,133.1,0.581
"443",2023-10-14,"14:30:00",35.58,37,NA,107.2,0
"444",2023-10-14,"14:45:00",34.93,37,NA,158.1,0
"445",2023-10-14,"15:00:00",36.31,36,NA,235.5,0.318
"446",2023-10-14,"15:15:00",36.33,36,NA,144.7,0.898
"447",2023-10-14,"15:30:00",36.02,37,NA,267.9,0.007
"448",2023-10-14,"15:45:00",35.98,37,NA,117.3,0.8
"449",2023-10-14,"16:00:00",34.93,37,NA,100.5,0.9
"450",2023-10-14,"16:15:00",34.38,36,NA,180.9,0.002
"451",2023-10-14,"16:30:00",35.3,36,NA,192.6,0
"452",2023-10-14,"16:45:00",35.58,36,NA,98.2,0.975
"453",2023-10-14,"17:00:00",34.44,38,NA,87.1,0.258
"454",2023-10-14,"17:15:00",34.19,38,NA,96,0
"455",2023-10-14,"17:30:00",34.08,37,NA,87.1,0
"456",2023-10-14,"17:45:00",33.72,39,NA,66.99,0
"457",2023-10-14,"18:00:00",33.22,39,NA,46.89,0.093
"458",2023-10-14,"18:15:00",32.84,41,NA,40.2,0.366
"459",2023-10-14,"18:30:00",32.49,43,NA,20.1,0
"460",2023-10-14,"18:45:00",32.13,45,NA,13.4,0.069
"461",2023-10-14,"19:00:00",31.73,47,NA,0,0.069
"462",2023-10-14,"19:15:00",31.24,49,NA,0,0
"463",2023-10-14,"19:30:00",30.81,50,NA,0,0
"464",2023-10-14,"19:45:00",30.39,52,NA,0,0
"465",2023-10-14,"20:00:00",30.13,53,NA,0,0
"466",2023-10-14,"20:15:00",29.86,54,NA,0,0
"467",2023-10-14,"20:30:00",29.58,55,NA,0,0
"468",2023-10-14,"20:45:00",29.37,56,NA,0,0
"469",2023-10-14,"21:00:00",29.19,56,NA,0,0
"470",2023-10-14,"21:15:00",28.96,56,NA,0,0
"471",2023-10-14,"21:30:00",28.78,57,NA,0,0
"472",2023-10-14,"21:45:00",28.69,57,NA,0,0
"473",2023-10-14,"22:00:00",28.58,58,NA,0,0
"474",2023-10-14,"22:15:00",28.53,59,NA,0,0
"475",2023-10-14,"22:30:00",28.34,60,NA,0,0
"476",2023-10-14,"22:45:00",28.19,61,NA,0,0
"477",2023-10-14,"23:00:00",28.08,62,NA,0,0
"478",2023-10-14,"23:15:00",27.95,62,NA,0,0
"479",2023-10-14,"23:30:00",27.79,62,NA,0,0
"480",2023-10-14,"23:45:00",27.73,62,NA,0,0
"481",2023-10-15,"00:00:00",27.67,63,NA,0,0
"482",2023-10-15,"00:15:00",27.64,63,NA,0,0
"483",2023-10-15,"00:30:00",27.56,64,NA,0,0
"484",2023-10-15,"00:45:00",27.53,65,NA,0,0
"485",2023-10-15,"01:00:00",27.46,66,NA,0,0
"486",2023-10-15,"01:15:00",27.18,68,NA,0,0
"487",2023-10-15,"01:30:00",26.94,70,NA,0,0
"488",2023-10-15,"01:45:00",26.81,72,NA,0,0
"489",2023-10-15,"02:00:00",26.76,73,NA,0,0
"490",2023-10-15,"02:15:00",26.46,73,NA,0,0
"491",2023-10-15,"02:30:00",26.26,73,NA,0,0
"492",2023-10-15,"02:45:00",26.03,75,NA,0,0
"493",2023-10-15,"03:00:00",25.88,76,NA,0,0
"494",2023-10-15,"03:15:00",25.74,76,NA,0,0
"495",2023-10-15,"03:30:00",25.59,75,NA,0,0
"496",2023-10-15,"03:45:00",25.51,75,NA,0.112,0
"497",2023-10-15,"04:00:00",25.3,76,NA,0,0
"498",2023-10-15,"04:15:00",25.34,77,NA,0,0
"499",2023-10-15,"04:30:00",25.37,77,NA,0,0
"500",2023-10-15,"04:45:00",25.17,78,NA,0,0
"501",2023-10-15,"05:00:00",24.87,79,NA,0,0
"502",2023-10-15,"05:15:00",24.78,79,NA,0,0
"503",2023-10-15,"05:30:00",24.75,79,NA,0,0
"504",2023-10-15,"05:45:00",24.59,79,NA,0,0
"505",2023-10-15,"06:00:00",24.63,78,NA,0,0
"506",2023-10-15,"06:15:00",24.36,77,NA,0,0
"507",2023-10-15,"06:30:00",24.32,79,NA,0,0
"508",2023-10-15,"06:45:00",24.18,80,NA,0,0
"509",2023-10-15,"07:00:00",24.24,80,NA,0,0
"510",2023-10-15,"07:15:00",24.18,81,NA,0,0
"511",2023-10-15,"07:30:00",24.29,80,NA,0,0
"512",2023-10-15,"07:45:00",24.15,81,NA,6.708,0
"513",2023-10-15,"08:00:00",24.28,82,NA,13.98,0
"514",2023-10-15,"08:15:00",24.59,82,NA,33.54,0
"515",2023-10-15,"08:30:00",25.05,82,NA,40.25,0
"516",2023-10-15,"08:45:00",25.34,82,NA,53.55,0
"517",2023-10-15,"09:00:00",26.15,82,NA,60.7,0
"518",2023-10-15,"09:15:00",26.74,80,NA,77.34,0
"519",2023-10-15,"09:30:00",27.44,77,NA,90.9,0
"520",2023-10-15,"09:45:00",27.86,75,NA,127.4,0
"521",2023-10-15,"10:00:00",28.65,72,NA,147.5,0
"522",2023-10-15,"10:15:00",29.47,69,NA,151.5,0
"523",2023-10-15,"10:30:00",30.18,66,NA,171.9,0.17
"524",2023-10-15,"10:45:00",31.12,63,NA,220.8,1.643
"525",2023-10-15,"11:00:00",31.85,60,NA,245.3,2.341
"526",2023-10-15,"11:15:00",32.38,56,NA,254.6,0.523
"527",2023-10-15,"11:30:00",33,55,NA,254.6,0.562
"528",2023-10-15,"11:45:00",33.31,52,NA,268,0.127
"529",2023-10-15,"12:00:00",33.75,51,NA,239.9,0.189
"530",2023-10-15,"12:15:00",34.09,48,NA,262.3,0.211
"531",2023-10-15,"12:30:00",34.74,47,NA,286.5,0.459
"532",2023-10-15,"12:45:00",35.04,42,NA,290.1,0.007
"533",2023-10-15,"13:00:00",34.98,41,NA,201.8,0
"534",2023-10-15,"13:15:00",35.39,41,NA,168,0.818
"535",2023-10-15,"13:30:00",35.87,38,NA,321.2,0.256
"536",2023-10-15,"13:45:00",36.68,37,NA,321.5,0
"537",2023-10-15,"14:00:00",37.52,37,NA,293.5,0.207
"538",2023-10-15,"14:15:00",37.73,36,NA,270.1,0.902
"539",2023-10-15,"14:30:00",37.77,35,NA,243.7,0.485
"540",2023-10-15,"14:45:00",38.14,33,NA,254.5,0.691
"541",2023-10-15,"15:00:00",38.1,36,NA,224.7,0.601
"542",2023-10-15,"15:15:00",37.94,36,NA,222.4,0
"543",2023-10-15,"15:30:00",37.72,34,NA,198.5,0.348
"544",2023-10-15,"15:45:00",37.42,34,NA,124.7,0.203
"545",2023-10-15,"16:00:00",36.38,37,NA,87.1,0.056
"546",2023-10-15,"16:15:00",35.3,41,NA,92,0.167
"547",2023-10-15,"16:30:00",35.1,42,NA,156.5,1.669
"548",2023-10-15,"16:45:00",35.41,41,NA,140.7,0.714
"549",2023-10-15,"17:00:00",35.2,41,NA,113.9,0.074
"550",2023-10-15,"17:15:00",34.3,40,NA,80.4,0.003
"551",2023-10-15,"17:30:00",33.96,40,NA,73.68,0.555
"552",2023-10-15,"17:45:00",33.65,41,NA,43.88,0.443
"553",2023-10-15,"18:00:00",33.14,43,NA,33.5,0
"554",2023-10-15,"18:15:00",32.89,44,NA,33.5,0
"555",2023-10-15,"18:30:00",32.31,44,NA,13.4,0
"556",2023-10-15,"18:45:00",32,45,NA,6.701,0
"557",2023-10-15,"19:00:00",31.72,47,NA,0,0
"558",2023-10-15,"19:15:00",31.49,49,NA,0,0
"559",2023-10-15,"19:30:00",31.21,49,NA,0,0
"560",2023-10-15,"19:45:00",30.9,50,NA,0,0
"561",2023-10-15,"20:00:00",30.72,51,NA,0,0
"562",2023-10-15,"20:15:00",30.54,52,NA,0,0
"563",2023-10-15,"20:30:00",30.32,53,NA,0,0
"564",2023-10-15,"20:45:00",30.09,54,NA,0,0
"565",2023-10-15,"21:00:00",29.99,55,NA,0,0
"566",2023-10-15,"21:15:00",29.9,55,NA,0,0
"567",2023-10-15,"21:30:00",29.7,55,NA,0,0
"568",2023-10-15,"21:45:00",29.45,56,NA,0,0
"569",2023-10-15,"22:00:00",29.27,57,NA,0,0
"570",2023-10-15,"22:15:00",29.19,58,NA,0,0
"571",2023-10-15,"22:30:00",29.07,59,NA,0,0
"572",2023-10-15,"22:45:00",28.95,60,NA,0,0
"573",2023-10-15,"23:00:00",28.79,61,NA,0,0
"574",2023-10-15,"23:15:00",28.63,62,NA,0,0
"575",2023-10-15,"23:30:00",28.54,62,NA,0,0
"576",2023-10-15,"23:45:00",28.47,63,NA,0,0
"577",2023-10-16,"00:00:00",28.37,64,NA,0,0
"578",2023-10-16,"00:15:00",28.25,65,NA,0,0
"579",2023-10-16,"00:30:00",28.08,66,NA,0,0
"580",2023-10-16,"00:45:00",27.86,67,NA,0,0
"581",2023-10-16,"01:00:00",27.82,67,NA,0,0
"582",2023-10-16,"01:15:00",27.49,68,NA,0,0
"583",2023-10-16,"01:30:00",27.38,72,NA,0,0
"584",2023-10-16,"01:45:00",27.15,71,NA,0,0
"585",2023-10-16,"02:00:00",26.92,71,NA,0,0
"586",2023-10-16,"02:15:00",26.72,73,NA,0,0
"587",2023-10-16,"02:30:00",26.57,74,NA,0,0
"588",2023-10-16,"02:45:00",26.36,77,NA,0,0
"589",2023-10-16,"03:00:00",26.25,77,NA,0,0
"590",2023-10-16,"03:15:00",26.2,77,NA,0,0
"591",2023-10-16,"03:30:00",26,77,NA,0,0
"592",2023-10-16,"03:45:00",25.85,77,NA,0,0
"593",2023-10-16,"04:00:00",25.8,78,NA,0,0
"594",2023-10-16,"04:15:00",25.65,78,NA,0,0
"595",2023-10-16,"04:30:00",25.54,79,NA,0,0
"596",2023-10-16,"04:45:00",25.47,80,NA,0,0
"597",2023-10-16,"05:00:00",25.26,81,NA,0,0
"598",2023-10-16,"05:15:00",25.22,81,NA,0,0
"599",2023-10-16,"05:30:00",25.24,82,NA,0,0
"600",2023-10-16,"05:45:00",25.02,82,NA,0,0
"601",2023-10-16,"06:00:00",24.83,83,NA,0,0
"602",2023-10-16,"06:15:00",24.67,83,NA,0,0
"603",2023-10-16,"06:30:00",24.57,83,NA,0,0
"604",2023-10-16,"06:45:00",24.57,84,NA,0,0
"605",2023-10-16,"07:00:00",24.69,83,NA,0,0
"606",2023-10-16,"07:15:00",24.6,84,NA,0,0
"607",2023-10-16,"07:30:00",24.52,83,NA,0,0
"608",2023-10-16,"07:45:00",24.68,83,NA,6.708,0
"609",2023-10-16,"08:00:00",24.58,85,NA,13.42,0
"610",2023-10-16,"08:15:00",24.92,86,NA,26.83,0
"611",2023-10-16,"08:30:00",25.33,86,NA,33.54,0
"612",2023-10-16,"08:45:00",25.79,86,NA,40.25,0
"613",2023-10-16,"09:00:00",26.32,83,NA,60.36,0
"614",2023-10-16,"09:15:00",26.8,82,NA,70.3,0
"615",2023-10-16,"09:30:00",27.57,81,NA,76.55,0
"616",2023-10-16,"09:45:00",28.15,77,NA,114,0
"617",2023-10-16,"10:00:00",28.76,75,NA,134.1,0
"618",2023-10-16,"10:15:00",29.38,72,NA,154.2,0
"619",2023-10-16,"10:30:00",30.32,67,NA,174.5,0
"620",2023-10-16,"10:45:00",31.04,64,NA,202.2,0.859
"621",2023-10-16,"11:00:00",31.72,61,NA,200.5,0.139
"622",2023-10-16,"11:15:00",32,56,NA,170.5,0
"623",2023-10-16,"11:30:00",32.79,55,NA,257.9,1.929
"624",2023-10-16,"11:45:00",33.53,52,NA,283.6,2.117
"625",2023-10-16,"12:00:00",34.2,49,NA,287.9,0.047
"626",2023-10-16,"12:15:00",34.59,49,NA,271.7,0.575
"627",2023-10-16,"12:30:00",34.78,47,NA,175.5,0
"628",2023-10-16,"12:45:00",34.66,47,NA,151,0.021
"629",2023-10-16,"13:00:00",35.18,47,NA,303,0.284
"630",2023-10-16,"13:15:00",35.61,44,NA,273.9,0
"631",2023-10-16,"13:30:00",35.35,43,NA,164.5,0.029
"632",2023-10-16,"13:45:00",35.67,43,NA,278,1.746
"633",2023-10-16,"14:00:00",36.28,41,NA,262.2,0
"634",2023-10-16,"14:15:00",36.85,38,NA,261.2,0.034
"635",2023-10-16,"14:30:00",37.47,36,NA,256.3,0.167
"636",2023-10-16,"14:45:00",36.96,38,NA,147.4,0
"637",2023-10-16,"15:00:00",36.47,38,NA,96.3,0
"638",2023-10-16,"15:15:00",35.53,40,NA,121.9,0.137
"639",2023-10-16,"15:30:00",34.71,42,NA,93.8,0.02
"640",2023-10-16,"15:45:00",34.66,42,NA,187.6,0
"641",2023-10-16,"16:00:00",35.51,41,NA,130,0.011
"642",2023-10-16,"16:15:00",34.27,42,NA,66.99,0.577
"643",2023-10-16,"16:30:00",33.9,43,NA,109,0
"644",2023-10-16,"16:45:00",34.27,44,NA,120.6,0
"645",2023-10-16,"17:00:00",34.39,42,NA,113.9,0.08
"646",2023-10-16,"17:15:00",34.13,42,NA,80.4,0
"647",2023-10-16,"17:30:00",33.74,45,NA,67.11,0.016
"648",2023-10-16,"17:45:00",33.16,46,NA,53.6,0
"649",2023-10-16,"18:00:00",32.87,46,NA,40.2,0.111
"650",2023-10-16,"18:15:00",32.53,48,NA,33.5,0
"651",2023-10-16,"18:30:00",32.12,49,NA,20.1,0
"652",2023-10-16,"18:45:00",31.78,50,NA,6.701,0
"653",2023-10-16,"19:00:00",31.39,52,NA,0,0
"654",2023-10-16,"19:15:00",30.98,53,NA,0,0
"655",2023-10-16,"19:30:00",30.63,54,NA,0,0
"656",2023-10-16,"19:45:00",30.34,55,NA,0,0
"657",2023-10-16,"20:00:00",30,56,NA,0,0
"658",2023-10-16,"20:15:00",29.77,57,NA,0,0
"659",2023-10-16,"20:30:00",29.61,59,NA,0,0.317
"660",2023-10-16,"20:45:00",29.41,61,NA,0,0
"661",2023-10-16,"21:00:00",29.3,61,NA,0,0
"662",2023-10-16,"21:15:00",29.06,63,NA,0,0
"663",2023-10-16,"21:30:00",28.92,63,NA,0,0
"664",2023-10-16,"21:45:00",28.77,65,NA,0,0
"665",2023-10-16,"22:00:00",28.7,65,NA,0,0
"666",2023-10-16,"22:15:00",28.55,66,NA,0,0
"667",2023-10-16,"22:30:00",28.46,65,NA,0,0
"668",2023-10-16,"22:45:00",28.35,65,NA,0,0
"669",2023-10-16,"23:00:00",28.31,66,NA,0,0
"670",2023-10-16,"23:15:00",28.18,66,NA,0,0
"671",2023-10-16,"23:30:00",28.08,67,NA,0,0
"672",2023-10-16,"23:45:00",28.09,67,NA,0,0.284
"673",2023-10-17,"00:00:00",28.06,68,NA,0,0
"674",2023-10-17,"00:15:00",28.01,69,NA,0,0
"675",2023-10-17,"00:30:00",27.9,70,NA,0,0
"676",2023-10-17,"00:45:00",27.82,70,NA,0,0
"677",2023-10-17,"01:00:00",27.67,71,NA,0,0
"678",2023-10-17,"01:15:00",27.46,72,NA,0,0
"679",2023-10-17,"01:30:00",27.41,72,NA,0,0
"680",2023-10-17,"01:45:00",27.3,72,NA,0,0
"681",2023-10-17,"02:00:00",27.17,73,NA,0,0
"682",2023-10-17,"02:15:00",27.06,73,NA,0,0
"683",2023-10-17,"02:30:00",26.84,74,NA,0,0
"684",2023-10-17,"02:45:00",26.7,77,NA,0,0
"685",2023-10-17,"03:00:00",26.56,78,NA,0,0
"686",2023-10-17,"03:15:00",26.3,77,NA,0,0
"687",2023-10-17,"03:30:00",25.96,76,NA,0,0
"688",2023-10-17,"03:45:00",25.67,79,NA,0,0
"689",2023-10-17,"04:00:00",25.64,79,NA,0,0
"690",2023-10-17,"04:15:00",25.59,79,NA,0,0
"691",2023-10-17,"04:30:00",25.53,80,NA,0,0
"692",2023-10-17,"04:45:00",25.46,80,NA,0,0
"693",2023-10-17,"05:00:00",25.42,79,NA,0,0
"694",2023-10-17,"05:15:00",25.35,78,NA,0,0
"695",2023-10-17,"05:30:00",25.3,79,NA,0,0
"696",2023-10-17,"05:45:00",25.29,79,NA,0,0
"697",2023-10-17,"06:00:00",25.23,80,NA,0,0
"698",2023-10-17,"06:15:00",25.24,80,NA,0,0
"699",2023-10-17,"06:30:00",25.17,80,NA,0,0
"700",2023-10-17,"06:45:00",25.09,80,NA,0,0
"701",2023-10-17,"07:00:00",24.9,80,NA,0,0
"702",2023-10-17,"07:15:00",24.78,81,NA,0,0
"703",2023-10-17,"07:30:00",24.61,81,NA,0,0
"704",2023-10-17,"07:45:00",24.46,81,NA,6.708,0
"705",2023-10-17,"08:00:00",24.59,83,NA,13.53,0
"706",2023-10-17,"08:15:00",24.8,84,NA,26.94,0
"707",2023-10-17,"08:30:00",25.13,83,NA,40.25,0
"708",2023-10-17,"08:45:00",25.65,84,NA,55.67,0
"709",2023-10-17,"09:00:00",26.14,83,NA,73.77,0
"710",2023-10-17,"09:15:00",26.63,80,NA,90.2,0
"711",2023-10-17,"09:30:00",27.39,77,NA,74.54,0
"712",2023-10-17,"09:45:00",28,72,NA,126.5,0
"713",2023-10-17,"10:00:00",28.9,69,NA,154.4,0
"714",2023-10-17,"10:15:00",29.56,67,NA,167.6,0
"715",2023-10-17,"10:30:00",30.32,64,NA,178.5,0.01
"716",2023-10-17,"10:45:00",30.98,63,NA,201.1,0
"717",2023-10-17,"11:00:00",31.76,58,NA,231.7,0.002
"718",2023-10-17,"11:15:00",32.33,54,NA,231.4,0.426
"719",2023-10-17,"11:30:00",32.74,52,NA,248.8,0
"720",2023-10-17,"11:45:00",33.43,50,NA,275,0
"721",2023-10-17,"12:00:00",34,48,NA,263,0.093
"722",2023-10-17,"12:15:00",34.24,46,NA,231.4,0
"723",2023-10-17,"12:30:00",34.55,46,NA,287.5,0
"724",2023-10-17,"12:45:00",35.16,44,NA,295.4,0.028
"725",2023-10-17,"13:00:00",35.62,43,NA,312.2,0.002
"726",2023-10-17,"13:15:00",35.91,42,NA,298,0
"727",2023-10-17,"13:30:00",35.28,42,NA,276.8,0
"728",2023-10-17,"13:45:00",35.86,40,NA,314.8,0.204
"729",2023-10-17,"14:00:00",36.71,39,NA,302.1,0.002
"730",2023-10-17,"14:15:00",37.23,38,NA,288.8,0
"731",2023-10-17,"14:30:00",37.49,35,NA,280.2,0
"732",2023-10-17,"14:45:00",37.76,34,NA,273.1,0.013
"733",2023-10-17,"15:00:00",38.07,36,NA,281.3,0
"734",2023-10-17,"15:15:00",37.58,37,NA,247.4,0
"735",2023-10-17,"15:30:00",38.25,34,NA,244.8,0.596
"736",2023-10-17,"15:45:00",37.31,35,NA,151.7,0
"737",2023-10-17,"16:00:00",36.73,36,NA,167.9,0
"738",2023-10-17,"16:15:00",36.64,36,NA,194.3,1.517
"739",2023-10-17,"16:30:00",36.76,35,NA,164.6,0.942
"740",2023-10-17,"16:45:00",36.28,35,NA,154.1,0.013
"741",2023-10-17,"17:00:00",35.9,37,NA,134,0.802
"742",2023-10-17,"17:15:00",35.3,39,NA,108.7,2.323
"743",2023-10-17,"17:30:00",34.69,40,NA,88.8,0
"744",2023-10-17,"17:45:00",34.04,40,NA,66.98,0
"745",2023-10-17,"18:00:00",33.62,41,NA,47.67,0
"746",2023-10-17,"18:15:00",33.18,43,NA,33.5,0
"747",2023-10-17,"18:30:00",16.29,45,NA,20.1,0.335
"748",2023-10-17,"18:45:00",32.2,45,NA,6.7,0
"749",2023-10-17,"19:00:00",31.76,47,NA,0,0
"750",2023-10-17,"19:15:00",31.38,49,NA,0,0
"751",2023-10-17,"19:30:00",30.92,49,NA,0,0
"752",2023-10-17,"19:45:00",30.6,50,NA,0,0
"753",2023-10-17,"20:00:00",30.25,52,NA,0,0
"754",2023-10-17,"20:15:00",30.1,54,NA,0,0
"755",2023-10-17,"20:30:00",29.85,55,NA,0,0
"756",2023-10-17,"20:45:00",29.64,56,NA,0,0
"757",2023-10-17,"21:00:00",29.26,58,NA,0,0
"758",2023-10-17,"21:15:00",29.12,59,NA,0,0
"759",2023-10-17,"21:30:00",28.93,60,NA,0,0
"760",2023-10-17,"21:45:00",28.73,61,NA,0,0
"761",2023-10-17,"22:00:00",28.59,61,NA,0,0
"762",2023-10-17,"22:15:00",28.41,61,NA,0,0
"763",2023-10-17,"22:30:00",28.3,61,NA,0,0
"764",2023-10-17,"22:45:00",28.17,62,NA,0,0
"765",2023-10-17,"23:00:00",27.98,63,NA,0,0
"766",2023-10-17,"23:15:00",27.82,64,NA,0,0
"767",2023-10-17,"23:30:00",27.71,65,NA,0,0
"768",2023-10-17,"23:45:00",27.35,66,NA,0,0
"769",2023-10-18,"00:00:00",27.34,66,NA,0,0
"770",2023-10-18,"00:15:00",27.21,67,NA,0,0
"771",2023-10-18,"00:30:00",26.76,68,NA,0,0
"772",2023-10-18,"00:45:00",26.77,69,NA,0,0
"773",2023-10-18,"01:00:00",26.73,69,NA,0,0
"774",2023-10-18,"01:15:00",26.5,70,NA,0,0
"775",2023-10-18,"01:30:00",26.1,72,NA,0,0
"776",2023-10-18,"01:45:00",25.81,73,NA,0,0
"777",2023-10-18,"02:00:00",25.62,74,NA,0.112,0
"778",2023-10-18,"02:15:00",25.51,74,NA,0,0
"779",2023-10-18,"02:30:00",25.26,75,NA,0,0
"780",2023-10-18,"02:45:00",25.13,75,NA,0,0
"781",2023-10-18,"03:00:00",24.67,77,NA,0,0
"782",2023-10-18,"03:15:00",24.76,76,NA,0,0
"783",2023-10-18,"03:30:00",24.7,76,NA,0,0
"784",2023-10-18,"03:45:00",24.63,77,NA,0.112,0
"785",2023-10-18,"04:00:00",24.53,78,NA,0,0
"786",2023-10-18,"04:15:00",24.41,78,NA,0,0
"787",2023-10-18,"04:30:00",24.57,79,NA,0,0
"788",2023-10-18,"04:45:00",24.41,79,NA,0,0
"789",2023-10-18,"05:00:00",24.49,79,NA,0,0
"790",2023-10-18,"05:15:00",24.2,79,NA,0,0
"791",2023-10-18,"05:30:00",23.84,80,NA,0.112,0
"792",2023-10-18,"05:45:00",23.76,79,NA,0,0
"793",2023-10-18,"06:00:00",23.63,81,NA,0,0
"794",2023-10-18,"06:15:00",23.48,81,NA,0,0
"795",2023-10-18,"06:30:00",23.5,81,NA,0,0
"796",2023-10-18,"06:45:00",23.3,82,NA,0.112,0
"797",2023-10-18,"07:00:00",23.02,83,NA,0,0
"798",2023-10-18,"07:15:00",23.16,84,NA,0,0
"799",2023-10-18,"07:30:00",23.3,83,NA,0.112,0
"800",2023-10-18,"07:45:00",23.44,82,NA,6.71,0
"801",2023-10-18,"08:00:00",23.31,83,NA,13.42,0
"802",2023-10-18,"08:15:00",23.52,84,NA,26.84,0
"803",2023-10-18,"08:30:00",23.91,83,NA,40.48,0
"804",2023-10-18,"08:45:00",24.45,81,NA,53.67,0
"805",2023-10-18,"09:00:00",25.18,82,NA,73.79,0
"806",2023-10-18,"09:15:00",25.86,81,NA,100.6,0
"807",2023-10-18,"09:30:00",26.69,78,NA,107.3,0
"808",2023-10-18,"09:45:00",27.41,77,NA,120.7,0
"809",2023-10-18,"10:00:00",28.21,73,NA,144.9,0
"810",2023-10-18,"10:15:00",29.01,68,NA,180.9,0.034
"811",2023-10-18,"10:30:00",29.89,60,NA,187.7,0.01
"812",2023-10-18,"10:45:00",30.42,60,NA,200.2,0
